{
    "id": "51",
    "license_plate": "FN67KP",
    "source_lat": 38.831963,
    "source_lng": -9.16307,
    "current_lat": 38.830646,
    "current_lng": -9.167054,
    "destination_lat": 38.861176595128285,
    "destination_lng": -9.450681635147584,
    "truckRoute": [
        [-9.163389,38.83171],[-9.163563,38.831633],[-9.163858,38.831539],[-9.164113,38.83147],[-9.164363,38.831445],[-9.16454,38.83143],[-9.164915,38.83142],[-9.165194,38.831424],[-9.165371,38.831376],[-9.165639,38.831343],[-9.165942,38.831217],[-9.166205,38.831086],[-9.16653,38.830918],[-9.166755,38.830805]
    ]
}