{
    "id": "51",
    "license_plate": "BR-63-RD",
    "source_lat": 38.71667,
    "source_lng": -9.13333,
    "destination_lat": 38.861176595128285,
    "destination_lng": -9.450681635147584,
    "trackRoute": []
}